{"items":[{"baseUrl":"https://signin.aws.amazon.com","contactInfo":{},"virtualEntityIds":[],"credentials":{"certs":[{"primaryVerificationCert":true,"certView":{"expires":"2018-01-13T00:00:00.000Z","serialNumber":"768749410","keyAlgorithm":"RSA","keySize":2048,"issuerDN":"C=US, ST=Washington, O=\"Amazon Web Services, Inc.\", CN=urn:amazon:webservices","sha1Fingerprint":"651F55A006111221B50AECC1AE37F74DC4934067","validFrom":"2017-01-13T00:00:00.000Z","version":3,"md5Fingerprint":"CF2BF67693AB414170114F36BBEB41D8","signatureAlgorithm":"SHA256withRSA","sha256Fingerprint":"CE09D3358AC4421B17F7996F7B248A4FA52DC9F99B94EB695C67DF31CD8C10F9","id":"1x6kav9cyaku3xlv8hinozb26","subjectDN":"C=US, ST=Washington, O=\"Amazon Web Services, Inc.\", CN=urn:amazon:webservices","status":"VALID"},"secondaryVerificationCert":false,"x509File":{"fileData":"worst big file"},"encryptionCert":false}],"signingSettings":{"signingKeyPairRef":{"location":"XXXXXXXXXXXX","id":"rasfpbweuemsp15kze0zpd94w"},"includeRawKeyInSignature":false,"includeCertInSignature":true,"algorithm":"SHA256withRSA"}},"name":"update name from excel","active":true,"spBrowserSso":{"protocol":"SAML20","requireSignedAuthnRequests":false,"spSamlIdentityMapping":"STANDARD","signAssertions":true,"authenticationPolicyContractAssertionMappings":[],"encryptionPolicy":{"encryptSloSubjectNameId":false,"encryptAssertion":false,"encryptedAttributes":[],"sloSubjectNameIDEncrypted":false},"enabledProfiles":["IDP_INITIATED_SSO","SP_INITIATED_SSO"],"ssoServiceEndpoints":[{"isDefault":true,"binding":"POST","index":1,"url":"/saml"}],"adapterMappings":[{"restrictedVirtualEntityIds":[],"attributeContractFulfillment":{"https://aws.amazon.com/SAML/Attributes/SessionDuration":{"source":{"type":"TEXT"},"value":"28800"},"urn:oid:1.3.6.1.4.1.5923.1.1.1.1":{"source":{"type":"ADAPTER"},"value":"HRBO"},"https://aws.amazon.com/SAML/Attributes/RoleSessionName":{"source":{"type":"ADAPTER"},"value":"e-mail address"},"https://aws.amazon.com/SAML/Attributes/Role":{"source":{"type":"EXPRESSION"},"value":"#value = {\"arn:aws:iam::109820128062:role/entry,arn:aws:iam::109820128062:saml-provider/ping-st\", \"arn:aws:iam::444640145934:role/entry,arn:aws:iam::444640145934:saml-provider/ping-st\", \"arn:aws:iam::438908125245:role/entry,arn:aws:iam::438908125245:saml-provider/ping-st\", \"arn:aws:iam::710135221420:role/entry,arn:aws:iam::710135221420:saml-provider/ping-st\", \"arn:aws:iam::632814889474:role/entry,arn:aws:iam::632814889474:saml-provider/ping-st\", \"arn:aws:iam::064670468982:role/entry,arn:aws:iam::064670468982:saml-provider/ping-st\", \"arn:aws:iam::995208321268:role/entry,arn:aws:iam::995208321268:saml-provider/ping-st\", \"arn:aws:iam::853493370704:role/entry,arn:aws:iam::853493370704:saml-provider/ping-st\", \"arn:aws:iam::703926814710:role/entry,arn:aws:iam::703926814710:saml-provider/ping-st\", \"arn:aws:iam::690762787000:role/entry,arn:aws:iam::690762787000:saml-provider/ping-st\", \"arn:aws:iam::627175348114:role/entry,arn:aws:iam::627175348114:saml-provider/ping-st\", \"arn:aws:iam::846660817072:role/entry,arn:aws:iam::846660817072:saml-provider/ping-st\", \"arn:aws:iam::145199091356:role/entry,arn:aws:iam::145199091356:saml-provider/ping-st\", \"arn:aws:iam::213361310488:role/entry,arn:aws:iam::213361310488:saml-provider/ping-st\", \"arn:aws:iam::672410507030:role/entry,arn:aws:iam::672410507030:saml-provider/ping-st\", \"arn:aws:iam::750692453665:role/entry,arn:aws:iam::750692453665:saml-provider/ping-st\", \"arn:aws:iam::529370137371:role/entry,arn:aws:iam::529370137371:saml-provider/ping-st\", \"arn:aws:iam::917740138688:role/entry,arn:aws:iam::917740138688:saml-provider/ping-st\", \"arn:aws:iam::512579018107:role/entry,arn:aws:iam::512579018107:saml-provider/ping-st\", \"arn:aws:iam::510005241452:role/entry,arn:aws:iam::510005241452:saml-provider/ping-st\", \"arn:aws:iam::996868193516:role/entry,arn:aws:iam::996868193516:saml-provider/ping-st\", \"arn:aws:iam::110535923373:role/entry,arn:aws:iam::110535923373:saml-provider/ping-st\", \"arn:aws:iam::135725717884:role/entry,arn:aws:iam::135725717884:saml-provider/ping-st\", \"arn:aws:iam::574439287843:role/entry,arn:aws:iam::574439287843:saml-provider/ping-st\", \"arn:aws:iam::205011823303:role/entry,arn:aws:iam::205011823303:saml-provider/ping-st\", \"arn:aws:iam::907826395456:role/entry,arn:aws:iam::907826395456:saml-provider/ping-st\", \"arn:aws:iam::415757711927:role/entry,arn:aws:iam::415757711927:saml-provider/ping-st\", \"arn:aws:iam::753773468360:role/entry,arn:aws:iam::753773468360:saml-provider/ping-st\", \"arn:aws:iam::015264156895:role/entry,arn:aws:iam::015264156895:saml-provider/ping-st\", \"arn:aws:iam::757700069017:role/entry,arn:aws:iam::757700069017:saml-provider/ping-st\", \"arn:aws:iam::848939901609:role/entry,arn:aws:iam::848939901609:saml-provider/ping-st\", \"arn:aws:iam::913545700946:role/entry,arn:aws:iam::913545700946:saml-provider/ping-st\", \"arn:aws:iam::325411244799:role/entry,arn:aws:iam::325411244799:saml-provider/ping-st\", \"arn:aws:iam::624188900956:role/entry,arn:aws:iam::624188900956:saml-provider/ping-st\", \"arn:aws:iam::430442681156:role/entry,arn:aws:iam::430442681156:saml-provider/ping-st\"}"},"urn:oid:2.5.4.3":{"source":{"type":"ADAPTER"},"value":"Username"},"SAML_SUBJECT":{"source":{"type":"ADAPTER"},"value":"CORP-ID"}},"restrictVirtualEntityIds":false,"idpAdapterRef":{"location":"XXXXXXXXXXXXXXXXXXXXXXX","id":"KerberosNLnHRBO"},"attributeSources":[],"issuanceCriteria":{"conditionalCriteria":[]}}],"assertionLifetime":{"minutesAfter":5,"minutesBefore":5},"attributeContract":{"coreAttributes":[{"nameFormat":"urn:oasis:names:tc:SAML:1.1:nameid-format:unspecified","name":"SAML_SUBJECT"}],"extendedAttributes":[{"nameFormat":"urn:oasis:names:tc:SAML:2.0:attrname-format:basic","name":"https://aws.amazon.com/SAML/Attributes/RoleSessionName"},{"nameFormat":"urn:oasis:names:tc:SAML:2.0:attrname-format:basic","name":"https://aws.amazon.com/SAML/Attributes/SessionDuration"},{"nameFormat":"urn:oasis:names:tc:SAML:2.0:attrname-format:basic","name":"https://aws.amazon.com/SAML/Attributes/Role"},{"nameFormat":"urn:oasis:names:tc:SAML:2.0:attrname-format:basic","name":"urn:oid:2.5.4.3"},{"nameFormat":"urn:oasis:names:tc:SAML:2.0:attrname-format:basic","name":"urn:oid:1.3.6.1.4.1.5923.1.1.1.1"}]},"incomingBindings":["POST","REDIRECT"]},"entityId":"update entoty from excel","loggingMode":"STANDARD","id":"update id from excel","type":"SP","licenseConnectionGroup":""}]}