{ 
	"items": [
		{
			"type":"sp",
			"id" : "TJkhfjhdkjakjsldhfjkhsdfkjlhdskjhjkf",
			"name":"kajdshfjk",
			"entityId": "askjdfhjkdhf",
			"active": "kjdfhjkdhf",
			"credentials":{
				"certifi":[
					{
						"id": "59761c23b30d971669fb42ff",
						"isActive": true,
						"age": 36,
						"name": "Dunlap Hubbard",
						"gender": "male",
						"company": "CEDWARD",
						"email": "dunlaphubbard@cedward.com",
						"phone": "+1 (890) 543-2508",
						"address": "169 Rutledge Street, Konterra, Northern Mariana Islands, 8551"
					},
					{
						"id": "59761c23b30d971669fb42ff",
						"isActive": true,
						"age": 37,
						"name": "Dunlap Hubbard",
						"gender": "male",
						"company": "CEDWARD",
						"email": "dunlaphubbard@cedward.com",
						"phone": "+1 (890) 543-2508",
						"address": "169 Rutledge Street, Konterra, Northern Mariana Islands, 8551"
					},
					{
						"id": "59761c23b30d971669fb42ff",
						"isActive": true,
						"age": 38,
						"name": "Dunlap Hubbard",
						"gender": "male",
						"company": "CEDWARD",
						"email": "dunlaphubbard@cedward.com",
						"phone": "+1 (890) 543-2508",
						"address": "169 Rutledge Street, Konterra, Northern Mariana Islands, 8551"
					}
			
				],
				"Certifi" : [
					{
						"id": "59761c23b30d971669fb42ff",
						"isActive": true,
						"age": 36,
						"name": "Dunlap Hubbard",
						"gender": "male",
						"company": "CEDWARD",
						"email": "dunlaphubbard@cedward.com",
						"phone": "+1 (890) 543-2508",
						"address": "169 Rutledge Street, Konterra, Northern Mariana Islands, 8551"
					},
					{
						"id": "59761c23b30d971669fb42ff",
						"isActive": true,
						"age": 37,
						"name": "Dunlap Hubbard",
						"gender": "male",
						"company": "CEDWARD",
						"email": "dunlaphubbard@cedward.com",
						"phone": "+1 (890) 543-2508",
						"address": "169 Rutledge Street, Konterra, Northern Mariana Islands, 8551"
					},
					{
						"id": "59761c23b30d971669fb42ff",
						"isActive": true,
						"age": 38,
						"name": "Dunlap Hubbard",
						"gender": "male",
						"company": "CEDWARD",
						"email": "dunlaphubbard@cedward.com",
						"phone": "+1 (890) 543-2508",
						"address": "169 Rutledge Street, Konterra, Northern Mariana Islands, 8551"
					}
				]
			
			},
			"custom":"skjdfhjhj"
		},
		{
		  "type":"sp",
			"id" : "TJkhfjhdkjakjsldhfjkhsdfkjlhdskjhjkf",
			"name":"kajdshfjk",
			"entityId": "askjdfhjkdhf",
			"active": "kjdfhjkdhf",
			"credentials":{
				"certifi":[
					{
						"id": "59761c23b30d971669fb42ff",
						"isActive": true,
						"age": 36,
						"name": "Dunlap Hubbard",
						"gender": "male",
						"company": "CEDWARD",
						"email": "dunlaphubbard@cedward.com",
						"phone": "+1 (890) 543-2508",
						"address": "169 Rutledge Street, Konterra, Northern Mariana Islands, 8551"
					},
					{
						"id": "59761c23b30d971669fb42ff",
						"isActive": true,
						"age": 37,
						"name": "Dunlap Hubbard",
						"gender": "male",
						"company": "CEDWARD",
						"email": "dunlaphubbard@cedward.com",
						"phone": "+1 (890) 543-2508",
						"address": "169 Rutledge Street, Konterra, Northern Mariana Islands, 8551"
					},
					{
						"id": "59761c23b30d971669fb42ff",
						"isActive": true,
						"age": 38,
						"name": "Dunlap Hubbard",
						"gender": "male",
						"company": "CEDWARD",
						"email": "dunlaphubbard@cedward.com",
						"phone": "+1 (890) 543-2508",
						"address": "169 Rutledge Street, Konterra, Northern Mariana Islands, 8551"
					}
			
				],
				"Certifi" : [
					{
						"id": "59761c23b30d971669fb42ff",
						"isActive": true,
						"age": 36,
						"name": "Dunlap Hubbard",
						"gender": "male",
						"company": "CEDWARD",
						"email": "dunlaphubbard@cedward.com",
						"phone": "+1 (890) 543-2508",
						"address": "169 Rutledge Street, Konterra, Northern Mariana Islands, 8551"
					},
					{
						"id": "59761c23b30d971669fb42ff",
						"isActive": true,
						"age": 37,
						"name": "Dunlap Hubbard",
						"gender": "male",
						"company": "CEDWARD",
						"email": "dunlaphubbard@cedward.com",
						"phone": "+1 (890) 543-2508",
						"address": "169 Rutledge Street, Konterra, Northern Mariana Islands, 8551"
					},
					{
						"id": "59761c23b30d971669fb42ff",
						"isActive": true,
						"age": 38,
						"name": "Dunlap Hubbard",
						"gender": "male",
						"company": "CEDWARD",
						"email": "dunlaphubbard@cedward.com",
						"phone": "+1 (890) 543-2508",
						"address": "169 Rutledge Street, Konterra, Northern Mariana Islands, 8551"
					}
				]
			
			},
			"custom":"skjdfhjhj"
		}
	]
}