{
    "data":{
        "id":[
            {
                "stuff":{

                },
                "values":[
                    [
                        123,
                        456
                    ],
                    [
                        123,
                        456
                    ],
                    [
                        123,
                        456
                    ],

                ],
                "otherStuff":"blah"
            }
        ]
    }
}