[
		{
			"type":"sp",
			"id" : "TJkhfjhdkjakjsldhfjkhsdfkjlhdskjhjkf",
			"name":"kajdshfjk",
			"entityId": "askjdfhjkdhf",
			"active": "kjdfhjkdhf",
			"credentials": .
			{
				"certifi":	[
					{
						"id":"01",
						"value":"22.5"
					},
					{
						"id":"02",
						"value":"31.0"
					}
				]
			},
			"custom":"skjdfhjhj"
		},
		{
		  "type":"sp",
			"id" : "TJkhfjhdkjakjsldhfjkhsdfkjlhdskjhjkf",
			"name":"kajdshfjk",
			"entityId": "askjdfhjkdhf",
			"active": "kjdfhjkdhf",
			"credentials":{
				"certifi":	[
					{
						"id":"01",
						"value":"22.5"
					},
					{
						"id":"02",
						"value":"31.0"
					}
				]
			},
			"custom":"skjdfhjhj"
		}
	]