{
	"success":true,
	"data": [
		{
			"SPECIALISTNUM":"4200390",
			"SPECIALISTID":"3342",
			"PHOTOLARGEURL":"4200390_large",
			"LASTNAME":"Smith",
			"FIRSTNAME":"Amanda",
			"TELEPHONE":"(613) 882-1523",
			"FAX":"(613) 691-1237",
			"EMAIL":"amanda.smith@scotiabank.com",
			"ALTPHONENUM1":"",
			"PERSONALURL":"asmith",
			"TRANSITNUMBER":"90316",
			"TITLE":"",
			"BENEFIT":"My advice will benefit you by helping to discover the mortgage solution that will save you money and see the power in your home equity!",
			"OTHERLANGUAGE":"French",
			"SPECIALTY":"I am a mobile representative who gives advice 7 days a week.  I offer complimentary and professional financing arrangement.  Call or e-mail me today to find out how you can get a competitive rate and experience a smooth and easy mortgage process.",
			"CUSTOM_TITLE":"",
			"CUSTOM_COMMENTS":"",
			"PHONETAGID1":"1"
			}
			]
			}